{
  "properties": {
    "connectionReferences": {
      "shared_office365": {
        "runtimeSource": "invoker",
        "connection": {
          "connectionReferenceLogicalName": "grl_sharedoffice365_09ade"
        },
        "api": {
          "name": "shared_office365"
        }
      },
      "shared_commondataserviceforapps": {
        "runtimeSource": "embedded",
        "connection": {
          "connectionReferenceLogicalName": "grl_sharedcommondataserviceforapps_db00f"
        },
        "api": {
          "name": "shared_commondataserviceforapps"
        }
      }
    },
    "definition": {
      "$schema": "https://schema.management.azure.com/providers/Microsoft.Logic/schemas/2016-06-01/workflowdefinition.json#",
      "contentVersion": "1.0.0.0",
      "parameters": {
        "$connections": {
          "defaultValue": {},
          "type": "Object"
        },
        "$authentication": {
          "defaultValue": {},
          "type": "SecureObject"
        }
      },
      "triggers": {
        "manual": {
          "metadata": {
            "operationMetadataId": "78dbc136-4f8c-480e-9eb9-81f1d56f32e2"
          },
          "type": "Request",
          "kind": "PowerApp",
          "inputs": {
            "schema": {
              "type": "object",
              "properties": {},
              "required": []
            }
          }
        }
      },
      "actions": {
        "Notificando_um_novo_cadastro": {
          "runAfter": {
            "Cadastro_de_novo_produto": [
              "Succeeded"
            ]
          },
          "metadata": {
            "operationMetadataId": "265643fa-a291-4255-8d9f-85cc6b802a6a"
          },
          "type": "OpenApiConnection",
          "inputs": {
            "host": {
              "connectionName": "shared_office365",
              "operationId": "SendEmailV2",
              "apiId": "/providers/Microsoft.PowerApps/apis/shared_office365"
            },
            "parameters": {
              "emailMessage/To": "becapowerplatform@gmail.com",
              "emailMessage/Subject": "Um novo produto foi cadastrado!",
              "emailMessage/Body": "<p>Olá,<br>\n<br>\n<strong>Um novo produto foi cadastrado!</strong><br>\n<br>\nVeja os detalhes a seguir:<br>\n<br>\n<strong>Nome do Produto:</strong> @{outputs('Cadastro_de_novo_produto')?['body/grl_nomeprod']};<br>\n<strong>Descrição:</strong> @{outputs('Cadastro_de_novo_produto')?['body/grl_descricao']};<br>\n<strong>NCM:</strong> @{outputs('Cadastro_de_novo_produto')?['body/grl_ncm']};<br>\n<strong>Quantidade:</strong> @{outputs('Cadastro_de_novo_produto')?['body/grl_quantidade']};<br>\n<strong>Valor Unitário (R$): </strong>@{outputs('Cadastro_de_novo_produto')?['body/grl_valorunitario']};<br>\n<strong>Valor Total (R$):</strong> @{outputs('Cadastro_de_novo_produto')?['body/grl_valortotal']};<br>\n<strong>Criado por:</strong> @{outputs('Cadastro_de_novo_produto')?['body/_createdby_value']};<br>\n<strong>Data de Criação: </strong>@{outputs('Cadastro_de_novo_produto')?['body/createdon']};<br>\n</p>",
              "emailMessage/Importance": "Normal"
            },
            "authentication": {
              "type": "Raw",
              "value": "@json(decodeBase64(triggerOutputs().headers['X-MS-APIM-Tokens']))['$ConnectionKey']"
            }
          }
        },
        "Cadastro_de_novo_produto": {
          "runAfter": {},
          "metadata": {
            "operationMetadataId": "4c788365-92d9-406a-9ed2-60c8834e9a29"
          },
          "type": "OpenApiConnectionWebhook",
          "inputs": {
            "host": {
              "connectionName": "shared_commondataserviceforapps",
              "operationId": "SubscribeWebhookTrigger",
              "apiId": "/providers/Microsoft.PowerApps/apis/shared_commondataserviceforapps"
            },
            "parameters": {
              "subscriptionRequest/message": 1,
              "subscriptionRequest/entityname": "grl_produtos",
              "subscriptionRequest/scope": 1
            },
            "authentication": {
              "type": "Raw",
              "value": "@json(decodeBase64(triggerOutputs().headers['X-MS-APIM-Tokens']))['$ConnectionKey']"
            }
          }
        },
        "Exclusão_de_item": {
          "runAfter": {},
          "metadata": {
            "operationMetadataId": "44cd3854-7818-4e81-a1c3-dbecff919a18"
          },
          "type": "OpenApiConnectionWebhook",
          "inputs": {
            "host": {
              "connectionName": "shared_commondataserviceforapps",
              "operationId": "SubscribeWebhookTrigger",
              "apiId": "/providers/Microsoft.PowerApps/apis/shared_commondataserviceforapps"
            },
            "parameters": {
              "subscriptionRequest/message": 2,
              "subscriptionRequest/entityname": "grl_produtos",
              "subscriptionRequest/scope": 1
            },
            "authentication": {
              "type": "Raw",
              "value": "@json(decodeBase64(triggerOutputs().headers['X-MS-APIM-Tokens']))['$ConnectionKey']"
            }
          }
        },
        "Notificando_a_exclusão_de_um_item": {
          "runAfter": {
            "Exclusão_de_item": [
              "Succeeded"
            ]
          },
          "metadata": {
            "operationMetadataId": "063d93d7-75b1-47e2-a0b6-88dd9cb46146"
          },
          "type": "OpenApiConnection",
          "inputs": {
            "host": {
              "connectionName": "shared_office365",
              "operationId": "SendEmailV2",
              "apiId": "/providers/Microsoft.PowerApps/apis/shared_office365"
            },
            "parameters": {
              "emailMessage/To": "becapowerplatform@gmail.com",
              "emailMessage/Subject": "Um produto foi excluído!",
              "emailMessage/Body": "<p>Olá,<br>\n<br>\n<strong>Um produto foi excluído!<br>\n</strong></p>",
              "emailMessage/Importance": "Normal"
            },
            "authentication": {
              "type": "Raw",
              "value": "@json(decodeBase64(triggerOutputs().headers['X-MS-APIM-Tokens']))['$ConnectionKey']"
            }
          }
        },
        "Atualizando_um_item_cadastrado": {
          "runAfter": {},
          "metadata": {
            "operationMetadataId": "e90f361d-9d5a-4170-9cd9-fd2ab18f88d9"
          },
          "type": "OpenApiConnectionWebhook",
          "inputs": {
            "host": {
              "connectionName": "shared_commondataserviceforapps",
              "operationId": "SubscribeWebhookTrigger",
              "apiId": "/providers/Microsoft.PowerApps/apis/shared_commondataserviceforapps"
            },
            "parameters": {
              "subscriptionRequest/message": 3,
              "subscriptionRequest/entityname": "grl_produtos",
              "subscriptionRequest/scope": 1
            },
            "authentication": {
              "type": "Raw",
              "value": "@json(decodeBase64(triggerOutputs().headers['X-MS-APIM-Tokens']))['$ConnectionKey']"
            }
          }
        },
        "Notificando_a_alteração_de_um_item": {
          "runAfter": {
            "Atualizando_um_item_cadastrado": [
              "Succeeded"
            ]
          },
          "metadata": {
            "operationMetadataId": "fa8ec071-80d2-464d-b323-ece6743086e7"
          },
          "type": "OpenApiConnection",
          "inputs": {
            "host": {
              "connectionName": "shared_office365",
              "operationId": "SendEmailV2",
              "apiId": "/providers/Microsoft.PowerApps/apis/shared_office365"
            },
            "parameters": {
              "emailMessage/To": "becapowerplatform@gmail.com",
              "emailMessage/Subject": "Um produto foi alterado!",
              "emailMessage/Body": "<p>Olá,<br>\n<br>\n<strong>Um produto foi alterado!<br>\n<br>\n</strong><strong>Nome do Produto:</strong> @{outputs('Atualizando_um_item_cadastrado')?['body/grl_nomeprod']};<br>\n<strong>Descrição:</strong> @{outputs('Atualizando_um_item_cadastrado')?['body/grl_descricao']};<br>\n<strong>NCM:</strong> @{outputs('Atualizando_um_item_cadastrado')?['body/grl_ncm']};<br>\n<strong>Quantidade:</strong> @{outputs('Atualizando_um_item_cadastrado')?['body/grl_quantidade']};<br>\n<strong>Valor Unitário (R$):</strong> @{outputs('Atualizando_um_item_cadastrado')?['body/grl_valorunitario']};<br>\n<strong>Valor Total (R$):</strong> @{outputs('Atualizando_um_item_cadastrado')?['body/grl_valortotal']};</p>",
              "emailMessage/Importance": "Normal"
            },
            "authentication": {
              "type": "Raw",
              "value": "@json(decodeBase64(triggerOutputs().headers['X-MS-APIM-Tokens']))['$ConnectionKey']"
            }
          }
        }
      }
    },
    "templateName": ""
  },
  "schemaVersion": "1.0.0.0"
}